-- ============================================================
-- ACCESS LEVELS
-- ============================================================
INSERT INTO access_levels (id, name, access_level) VALUES
('664430DB-9D17-4199-BEFE-4D6BE134FCB3', 'Admin Level', 100),
('514A8C16-84FF-4714-81B3-51A528A8D6AC', 'Manager Level', 80),
('FCB73181-A639-44D0-8922-C81E78486DFD', 'Business Level', 60),
('5212B9E6-48C2-4586-AD2B-C5BE8D2DD78D', 'Resource Level', 50),
('1A57C8A7-D7BF-4955-A014-105ABFFDBFEB', 'Viewer Level', 10);

-- ============================================================
-- PERMISSIONS
-- ============================================================
INSERT INTO permissions (id, code, description) VALUES
('564A1FD1-12A9-4282-A152-1D0B2D20669E', 'Dashboard.View', 'Access and view analytics dashboard with charts and performance metrics'),
('8D8AACA7-5422-4881-B8EE-DEAAF660A72F', 'Leads.View', 'View lead list, details, and associated contact information'),
('1662A0B5-F75B-45D1-823E-8576E8515573', 'Leads.Create', 'Add new leads with contact details and source information'),
('AD9A56E4-2D43-42C6-B924-30C25AC2D148', 'Leads.Edit', 'Update lead details, status, and assignment information'),
('4D4647A1-4163-4B8D-9A97-44F6FD161946', 'Leads.Delete', 'Permanently remove leads from the system'),
('EA9BC039-EB9D-46EA-9918-4DE05C2E6039', 'Customers.View', 'View customer profiles, history, and account details'),
('27AE8753-6EAA-494C-8A3C-4D88987A1BF2', 'Customers.Create', 'Register new customers with full profile and contact information'),
('AD813B80-954D-4ADF-83ED-56CD888ACA7B', 'Customers.Edit', 'Modify existing customer profile and contact information'),
('5A334DAC-392A-465D-9BFE-FFBE071DCC22', 'Customers.Delete', 'Permanently remove customer records from the system'),
('0D922A42-B33F-4FFD-A588-5C3A8FBC4E71', 'Deals.View', 'View deal pipeline, deal details, and associated customer information'),
('2781FA78-B207-4992-872B-1C7922A251DD', 'Deals.Create', 'Create new deals and link them to customers or leads'),
('E4C4AD47-3CD5-4240-BCBB-F44204A40466', 'Deals.Edit', 'Update deal value, stage, status, and associated information'),
('CBDE8494-F3C4-4ED5-84E0-BA967C4123EE', 'Deals.Delete', 'Permanently remove deal records from the pipeline'),
('6E123739-D158-4F4D-979B-6AA03946159E', 'Tasks.View', 'View assigned and all tasks with due dates and priority levels'),
('AF6F9F09-37DD-4FCE-96E5-09ECE9CACC26', 'Tasks.Create', 'Create new tasks and assign them to team members with deadlines'),
('857279BE-CBEE-4D43-ADF4-90074ED028EA', 'Tasks.Edit', 'Update task details, status, assignee, and due dates'),
('6E4BF7A1-ADFD-4F68-BD2F-876162BE1B56', 'Tasks.Delete', 'Permanently remove tasks from the system'),
('3F7BCE64-4BD6-47FE-A85F-7C3603DB7D5C', 'Tickets.View', 'View support tickets, status updates, and customer issue details'),
('12DEA98A-A240-4CE6-89D4-C4623F37F691', 'Tickets.Create', 'Raise new support tickets on behalf of customers or internally'),
('8394219F-F677-4A3D-9446-4F5351576398', 'Tickets.Edit', 'Update ticket status, priority, category, and assigned agent'),
('6D9ACD85-4D53-410F-BD48-D0C0DDBAF421', 'Tickets.Delete', 'Permanently remove support ticket records from the system'),
('1AB4E923-5FAE-4552-AAFA-8726C0B27102', 'Appointments.View', 'View scheduled appointments, attendees, and calendar entries'),
('7AF8E84F-6116-4F89-AAEC-3F1EDEABC9F0', 'Appointments.Create', 'Schedule new appointments and assign participants and time slots'),
('D9EF129C-F6BA-4246-A1A3-E242930EA0F9', 'Appointments.Edit', 'Reschedule or update appointment details and participant information'),
('D2FF32F5-EE7E-4FF5-9884-36BCD959CC5C', 'Projects.View', 'View project details, progress, milestones, and team assignments'),
('7BC27C72-8030-4080-8873-8BB5D9FA537C', 'Projects.Create', 'Create new projects with goals, timelines, and team members'),
('2F1739CD-216F-491A-B7DA-5A27C3EC4C90', 'Projects.Edit', 'Update project details, status, deadlines, and assigned members'),
('E81A57CB-B948-4F6E-BA85-B72CB338A3B6', 'Projects.Delete', 'Permanently remove project records and associated data'),
('4AF78398-C09C-4D62-A6D4-5FD9C4D08914', 'TeamMembers.View', 'View team member profiles, roles, and contact information'),
('BAFA1B4B-DEF1-4AA6-BAFD-CB683C6E3525', 'TeamMembers.Create', 'Add new team members and assign roles and access permissions'),
('6EC4A79E-91ED-4795-82CF-BA87D7BFA020', 'TeamMembers.Edit', 'Update team member profile, role, and permission assignments'),
('569E8B1B-B4D1-4201-A93C-83F2C48A5CA5', 'TeamMembers.Delete', 'Permanently remove team member accounts from the system'),
('CA2405D6-2162-4127-87FF-04576E62AF71', 'AuditHistory.View', 'View detailed audit logs of user actions, changes, and system events'),
('A1B2C3D4-E5F6-7890-ABCD-EF1234567891', 'Settings.View', 'View system settings and configuration'),
('B2C3D4E5-F6A7-8901-BCDE-F12345678912', 'Settings.Edit', 'Modify system settings and configuration');

-- ============================================================
-- ACCESS LEVEL PERMISSIONS
-- ============================================================
INSERT INTO access_level_permissions (id, access_level_id, permission_id) VALUES

-- Admin
('50277FA4-5F0E-4489-A6C6-EDD9CDE6794D', '664430DB-9D17-4199-BEFE-4D6BE134FCB3', '564A1FD1-12A9-4282-A152-1D0B2D20669E'), -- Dashboard.View
('1159BF91-7B46-47D5-BFCD-EBE0C4A0B1F4', '664430DB-9D17-4199-BEFE-4D6BE134FCB3', '8D8AACA7-5422-4881-B8EE-DEAAF660A72F'), -- Leads.View
('C68773DF-96DE-4E45-8C52-BD84AD0A6255', '664430DB-9D17-4199-BEFE-4D6BE134FCB3', '1662A0B5-F75B-45D1-823E-8576E8515573'), -- Leads.Create
('44B7ED50-5744-40E6-BD37-0930827DFB7C', '664430DB-9D17-4199-BEFE-4D6BE134FCB3', 'AD9A56E4-2D43-42C6-B924-30C25AC2D148'), -- Leads.Edit
('74841429-0075-4DFC-BE4A-AF357112A97A', '664430DB-9D17-4199-BEFE-4D6BE134FCB3', '4D4647A1-4163-4B8D-9A97-44F6FD161946'), -- Leads.Delete
('C6978DB2-7224-4E33-B1AA-AF8B17885C74', '664430DB-9D17-4199-BEFE-4D6BE134FCB3', 'EA9BC039-EB9D-46EA-9918-4DE05C2E6039'), -- Customers.View
('055233D8-82DA-4BE9-B68A-FB9A8DE004AD', '664430DB-9D17-4199-BEFE-4D6BE134FCB3', '27AE8753-6EAA-494C-8A3C-4D88987A1BF2'), -- Customers.Create
('C2FE4D9A-D719-412B-A1DD-5571711F6F01', '664430DB-9D17-4199-BEFE-4D6BE134FCB3', 'AD813B80-954D-4ADF-83ED-56CD888ACA7B'), -- Customers.Edit
('AA97E3DE-26D4-456B-BD14-477C1EEB82A5', '664430DB-9D17-4199-BEFE-4D6BE134FCB3', '5A334DAC-392A-465D-9BFE-FFBE071DCC22'), -- Customers.Delete
('A3274DC2-C2EF-4693-8A66-8B96AA752C35', '664430DB-9D17-4199-BEFE-4D6BE134FCB3', '0D922A42-B33F-4FFD-A588-5C3A8FBC4E71'), -- Deals.View
('02C49E99-8449-4C18-A401-B2CE885225DF', '664430DB-9D17-4199-BEFE-4D6BE134FCB3', '2781FA78-B207-4992-872B-1C7922A251DD'), -- Deals.Create
('ECE0C78C-48E1-4D92-B95B-43C421305C65', '664430DB-9D17-4199-BEFE-4D6BE134FCB3', 'E4C4AD47-3CD5-4240-BCBB-F44204A40466'), -- Deals.Edit
('43773687-5B7F-432A-8E14-13C488792710', '664430DB-9D17-4199-BEFE-4D6BE134FCB3', 'CBDE8494-F3C4-4ED5-84E0-BA967C4123EE'), -- Deals.Delete
('D4F3266E-2E7A-4D23-B379-033164D98A03', '664430DB-9D17-4199-BEFE-4D6BE134FCB3', '6E123739-D158-4F4D-979B-6AA03946159E'), -- Tasks.View
('EB4D1D3B-386A-4101-86D5-A538380E8D3D', '664430DB-9D17-4199-BEFE-4D6BE134FCB3', 'AF6F9F09-37DD-4FCE-96E5-09ECE9CACC26'), -- Tasks.Create
('18293DB5-2C58-49DE-B021-FF5CCA31248D', '664430DB-9D17-4199-BEFE-4D6BE134FCB3', '857279BE-CBEE-4D43-ADF4-90074ED028EA'), -- Tasks.Edit
('444ABAAB-E36E-4F11-89DF-FD06D7F7E4E4', '664430DB-9D17-4199-BEFE-4D6BE134FCB3', '6E4BF7A1-ADFD-4F68-BD2F-876162BE1B56'), -- Tasks.Delete
('F9FF5B87-8C56-4B21-92F0-3C091AF34AA7', '664430DB-9D17-4199-BEFE-4D6BE134FCB3', '3F7BCE64-4BD6-47FE-A85F-7C3603DB7D5C'), -- Tickets.View
('2FEBD144-EAA5-4A35-B090-DAEDF929A73C', '664430DB-9D17-4199-BEFE-4D6BE134FCB3', '12DEA98A-A240-4CE6-89D4-C4623F37F691'), -- Tickets.Create
('28C14CEF-21E3-47EE-B9CC-D3A56E3102EF', '664430DB-9D17-4199-BEFE-4D6BE134FCB3', '8394219F-F677-4A3D-9446-4F5351576398'), -- Tickets.Edit
('4D92BFAA-E544-4FAF-9FFD-0958CF7C0F2E', '664430DB-9D17-4199-BEFE-4D6BE134FCB3', '6D9ACD85-4D53-410F-BD48-D0C0DDBAF421'), -- Tickets.Delete
('80C1304C-BA6C-475A-AEA1-3107D8FD39C7', '664430DB-9D17-4199-BEFE-4D6BE134FCB3', '1AB4E923-5FAE-4552-AAFA-8726C0B27102'), -- Appointments.View
('4AF00554-6116-4772-AF42-A825EF6B3863', '664430DB-9D17-4199-BEFE-4D6BE134FCB3', '7AF8E84F-6116-4F89-AAEC-3F1EDEABC9F0'), -- Appointments.Create
('393965EA-4014-465A-B097-CA9A1E85FEBE', '664430DB-9D17-4199-BEFE-4D6BE134FCB3', 'D9EF129C-F6BA-4246-A1A3-E242930EA0F9'), -- Appointments.Edit
('333B0AFC-96E2-4A54-B944-F278FAEB71F4', '664430DB-9D17-4199-BEFE-4D6BE134FCB3', 'D2FF32F5-EE7E-4FF5-9884-36BCD959CC5C'), -- Projects.View
('D5DCDBE7-E6EA-42A2-9E66-20FC8DD7407A', '664430DB-9D17-4199-BEFE-4D6BE134FCB3', '7BC27C72-8030-4080-8873-8BB5D9FA537C'), -- Projects.Create
('956CA885-29F5-4D7B-9492-7B30CBA909F4', '664430DB-9D17-4199-BEFE-4D6BE134FCB3', '2F1739CD-216F-491A-B7DA-5A27C3EC4C90'), -- Projects.Edit
('525F4E9C-4A41-473E-8D48-B9EC48259B8D', '664430DB-9D17-4199-BEFE-4D6BE134FCB3', 'E81A57CB-B948-4F6E-BA85-B72CB338A3B6'), -- Projects.Delete
('5AC88F64-B3D9-49BF-9667-CA75ED089CE0', '664430DB-9D17-4199-BEFE-4D6BE134FCB3', '4AF78398-C09C-4D62-A6D4-5FD9C4D08914'), -- TeamMembers.View
('A188CD55-9A3B-4D85-8A33-E6CEBAE44A1D', '664430DB-9D17-4199-BEFE-4D6BE134FCB3', 'BAFA1B4B-DEF1-4AA6-BAFD-CB683C6E3525'), -- TeamMembers.Create
('D60DF5ED-5EC4-4AE0-BB62-EE61FD8F3784', '664430DB-9D17-4199-BEFE-4D6BE134FCB3', '6EC4A79E-91ED-4795-82CF-BA87D7BFA020'), -- TeamMembers.Edit
('EE2E4610-1041-42BA-8FD8-9163903606EE', '664430DB-9D17-4199-BEFE-4D6BE134FCB3', '569E8B1B-B4D1-4201-A93C-83F2C48A5CA5'), -- TeamMembers.Delete
('15314100-5120-4021-B3E2-AE5941A9432C', '664430DB-9D17-4199-BEFE-4D6BE134FCB3', 'CA2405D6-2162-4127-87FF-04576E62AF71'), -- AuditHistory.View
('C3D4E5F6-A7B8-9012-CDEF-123456789123', '664430DB-9D17-4199-BEFE-4D6BE134FCB3', 'A1B2C3D4-E5F6-7890-ABCD-EF1234567891'), -- Settings.View
('D4E5F6A7-B8C9-0123-DEF0-234567891234', '664430DB-9D17-4199-BEFE-4D6BE134FCB3', 'B2C3D4E5-F6A7-8901-BCDE-F12345678912'), -- Settings.Edit

-- Manager
('4BDCDBF0-2F01-4FB2-A40E-7A769B20C79F', '514A8C16-84FF-4714-81B3-51A528A8D6AC', '564A1FD1-12A9-4282-A152-1D0B2D20669E'), -- Dashboard.View
('DB8870FD-3375-4729-969A-420B342A8B44', '514A8C16-84FF-4714-81B3-51A528A8D6AC', '8D8AACA7-5422-4881-B8EE-DEAAF660A72F'), -- Leads.View
('8E6E7380-CA0B-4647-A50B-54646882117E', '514A8C16-84FF-4714-81B3-51A528A8D6AC', '1662A0B5-F75B-45D1-823E-8576E8515573'), -- Leads.Create
('F776E40C-D9D5-4473-9DDB-06052BC69282', '514A8C16-84FF-4714-81B3-51A528A8D6AC', 'AD9A56E4-2D43-42C6-B924-30C25AC2D148'), -- Leads.Edit
('38D9E86B-ACC3-42D3-BEA6-422A0C7B7F2A', '514A8C16-84FF-4714-81B3-51A528A8D6AC', '4D4647A1-4163-4B8D-9A97-44F6FD161946'), -- Leads.Delete
('AE5EB23A-4922-4038-A177-76E9BAED9FF4', '514A8C16-84FF-4714-81B3-51A528A8D6AC', 'EA9BC039-EB9D-46EA-9918-4DE05C2E6039'), -- Customers.View
('375A6117-C974-4B08-B3B0-30632B374AE3', '514A8C16-84FF-4714-81B3-51A528A8D6AC', '27AE8753-6EAA-494C-8A3C-4D88987A1BF2'), -- Customers.Create
('2D409B95-3914-4F02-BADE-878122DB0A8C', '514A8C16-84FF-4714-81B3-51A528A8D6AC', 'AD813B80-954D-4ADF-83ED-56CD888ACA7B'), -- Customers.Edit
('65D722CC-E7DF-4C2B-9A72-E08E6205E103', '514A8C16-84FF-4714-81B3-51A528A8D6AC', '5A334DAC-392A-465D-9BFE-FFBE071DCC22'), -- Customers.Delete
('0C64A82C-4947-40D0-8DB9-D85B7AEB054D', '514A8C16-84FF-4714-81B3-51A528A8D6AC', '0D922A42-B33F-4FFD-A588-5C3A8FBC4E71'), -- Deals.View
('FDBA1472-70FE-47C6-AF2C-0BCE1E30100D', '514A8C16-84FF-4714-81B3-51A528A8D6AC', '2781FA78-B207-4992-872B-1C7922A251DD'), -- Deals.Create
('A9582D52-D3D3-40C3-AE05-69CAFC3BB925', '514A8C16-84FF-4714-81B3-51A528A8D6AC', 'E4C4AD47-3CD5-4240-BCBB-F44204A40466'), -- Deals.Edit
('384C4C2D-92FF-4C3E-9194-F46FFBD4EB33', '514A8C16-84FF-4714-81B3-51A528A8D6AC', 'CBDE8494-F3C4-4ED5-84E0-BA967C4123EE'), -- Deals.Delete
('9E1CE1BB-83C6-4327-A804-CBF905C259DE', '514A8C16-84FF-4714-81B3-51A528A8D6AC', '6E123739-D158-4F4D-979B-6AA03946159E'), -- Tasks.View
('0F04A6D9-7A56-45C7-915E-E1D5CE20A842', '514A8C16-84FF-4714-81B3-51A528A8D6AC', 'AF6F9F09-37DD-4FCE-96E5-09ECE9CACC26'), -- Tasks.Create
('03F27561-FCD7-41F5-AFF8-7DDCF0F4130D', '514A8C16-84FF-4714-81B3-51A528A8D6AC', '857279BE-CBEE-4D43-ADF4-90074ED028EA'), -- Tasks.Edit
('16B669BC-71B5-41A7-8134-31E88028AECE', '514A8C16-84FF-4714-81B3-51A528A8D6AC', '6E4BF7A1-ADFD-4F68-BD2F-876162BE1B56'), -- Tasks.Delete
('34592676-7642-4340-943D-F88F8F0F1A43', '514A8C16-84FF-4714-81B3-51A528A8D6AC', '3F7BCE64-4BD6-47FE-A85F-7C3603DB7D5C'), -- Tickets.View
('841287AB-1BA7-40FA-92A1-29E811D68EBF', '514A8C16-84FF-4714-81B3-51A528A8D6AC', '12DEA98A-A240-4CE6-89D4-C4623F37F691'), -- Tickets.Create
('8F3FB9C1-3E9E-401F-8C46-B46F52F1DA1F', '514A8C16-84FF-4714-81B3-51A528A8D6AC', '8394219F-F677-4A3D-9446-4F5351576398'), -- Tickets.Edit
('70BEB194-7DC6-4156-AB96-956F104F8B2C', '514A8C16-84FF-4714-81B3-51A528A8D6AC', '6D9ACD85-4D53-410F-BD48-D0C0DDBAF421'), -- Tickets.Delete
('7ED338A9-A5F0-4CA5-8472-158C1E1A81F7', '514A8C16-84FF-4714-81B3-51A528A8D6AC', '1AB4E923-5FAE-4552-AAFA-8726C0B27102'), -- Appointments.View
('DB6E1AC0-6C7F-4352-89F6-C399A71965C0', '514A8C16-84FF-4714-81B3-51A528A8D6AC', '7AF8E84F-6116-4F89-AAEC-3F1EDEABC9F0'), -- Appointments.Create
('4439E341-0596-48CF-A79F-022CA90750F7', '514A8C16-84FF-4714-81B3-51A528A8D6AC', 'D9EF129C-F6BA-4246-A1A3-E242930EA0F9'), -- Appointments.Edit
('40CDB0E0-8928-4A9B-8005-103CE710EEAA', '514A8C16-84FF-4714-81B3-51A528A8D6AC', 'D2FF32F5-EE7E-4FF5-9884-36BCD959CC5C'), -- Projects.View
('743546E6-A63A-4497-AC40-651EB11D2869', '514A8C16-84FF-4714-81B3-51A528A8D6AC', '7BC27C72-8030-4080-8873-8BB5D9FA537C'), -- Projects.Create
('A41EDEA7-6706-4140-95E3-D2ACA58735B0', '514A8C16-84FF-4714-81B3-51A528A8D6AC', '2F1739CD-216F-491A-B7DA-5A27C3EC4C90'), -- Projects.Edit
('5F7FCE20-61FF-48AB-89C9-584E33BD7669', '514A8C16-84FF-4714-81B3-51A528A8D6AC', 'E81A57CB-B948-4F6E-BA85-B72CB338A3B6'), -- Projects.Delete
('7997A61A-0990-44EA-B7AA-804037FC4499', '514A8C16-84FF-4714-81B3-51A528A8D6AC', '4AF78398-C09C-4D62-A6D4-5FD9C4D08914'), -- TeamMembers.View
('42B64C91-F31A-4C80-9E4B-BFB55822A7F4', '514A8C16-84FF-4714-81B3-51A528A8D6AC', '6EC4A79E-91ED-4795-82CF-BA87D7BFA020'), -- TeamMembers.Edit
('2C35F08E-EF87-40A2-90DA-E1F68AD2EB8E', '514A8C16-84FF-4714-81B3-51A528A8D6AC', 'CA2405D6-2162-4127-87FF-04576E62AF71'), -- AuditHistory.View

-- Business
('9AD01D6B-B470-4EFC-873F-E9D0BBEF1315', 'FCB73181-A639-44D0-8922-C81E78486DFD', '564A1FD1-12A9-4282-A152-1D0B2D20669E'), -- Dashboard.View
('80B09212-203C-4980-ACFB-A3CDCE550F2A', 'FCB73181-A639-44D0-8922-C81E78486DFD', '8D8AACA7-5422-4881-B8EE-DEAAF660A72F'), -- Leads.View
('FBC6B87C-B89A-4E1F-A524-43CBD16D288B', 'FCB73181-A639-44D0-8922-C81E78486DFD', '1662A0B5-F75B-45D1-823E-8576E8515573'), -- Leads.Create
('A0516CCF-EC7A-40F3-86C9-3C98BB8C8F14', 'FCB73181-A639-44D0-8922-C81E78486DFD', 'AD9A56E4-2D43-42C6-B924-30C25AC2D148'), -- Leads.Edit
('F10C4629-76B5-4445-8BAB-B5A81CD66342', 'FCB73181-A639-44D0-8922-C81E78486DFD', 'EA9BC039-EB9D-46EA-9918-4DE05C2E6039'), -- Customers.View
('35C96D45-1C68-4678-9819-F32798C72A97', 'FCB73181-A639-44D0-8922-C81E78486DFD', '27AE8753-6EAA-494C-8A3C-4D88987A1BF2'), -- Customers.Create
('D351BAAE-7CBA-4854-A28B-913BE36228E3', 'FCB73181-A639-44D0-8922-C81E78486DFD', 'AD813B80-954D-4ADF-83ED-56CD888ACA7B'), -- Customers.Edit
('C9152229-42FF-4BCD-8179-8593FF9A8370', 'FCB73181-A639-44D0-8922-C81E78486DFD', '0D922A42-B33F-4FFD-A588-5C3A8FBC4E71'), -- Deals.View
('BA820BC1-BBF5-4C11-9040-4FA3C91CDB8D', 'FCB73181-A639-44D0-8922-C81E78486DFD', '2781FA78-B207-4992-872B-1C7922A251DD'), -- Deals.Create
('49EA701F-325F-47DF-A869-8F90CADBF749', 'FCB73181-A639-44D0-8922-C81E78486DFD', 'E4C4AD47-3CD5-4240-BCBB-F44204A40466'), -- Deals.Edit
('BBAC309C-4D9A-44A2-A2E8-D1E9E0049341', 'FCB73181-A639-44D0-8922-C81E78486DFD', '6E123739-D158-4F4D-979B-6AA03946159E'), -- Tasks.View
('C700401E-B088-4FCB-BB44-9A72F71D733E', 'FCB73181-A639-44D0-8922-C81E78486DFD', 'AF6F9F09-37DD-4FCE-96E5-09ECE9CACC26'), -- Tasks.Create
('99394CA0-8609-45DA-A621-FA96FEC7DFEE', 'FCB73181-A639-44D0-8922-C81E78486DFD', '857279BE-CBEE-4D43-ADF4-90074ED028EA'), -- Tasks.Edit
('7860A32B-A47F-47AB-8E89-348BE3241DAE', 'FCB73181-A639-44D0-8922-C81E78486DFD', '1AB4E923-5FAE-4552-AAFA-8726C0B27102'), -- Appointments.View
('D9B8BD6F-7B07-4CE1-BDD9-5EB5E4239452', 'FCB73181-A639-44D0-8922-C81E78486DFD', '7AF8E84F-6116-4F89-AAEC-3F1EDEABC9F0'), -- Appointments.Create
('66E26DED-2ADC-4CC3-8347-B37797599C1F', 'FCB73181-A639-44D0-8922-C81E78486DFD', 'D9EF129C-F6BA-4246-A1A3-E242930EA0F9'), -- Appointments.Edit

-- Resource
('FB00F8FD-341D-4158-AB91-7D5C358EDB90', '5212B9E6-48C2-4586-AD2B-C5BE8D2DD78D', '564A1FD1-12A9-4282-A152-1D0B2D20669E'), -- Dashboard.View
('F5275BAD-2CEA-4BC6-9DBA-27799F1CE705', '5212B9E6-48C2-4586-AD2B-C5BE8D2DD78D', 'D2FF32F5-EE7E-4FF5-9884-36BCD959CC5C'), -- Projects.View
('A4565F08-E2DC-4354-8673-F31FEB0A2269', '5212B9E6-48C2-4586-AD2B-C5BE8D2DD78D', '2F1739CD-216F-491A-B7DA-5A27C3EC4C90'), -- Projects.Edit
('0EA984B9-4933-4509-90FE-9B81358E03F5', '5212B9E6-48C2-4586-AD2B-C5BE8D2DD78D', '6E123739-D158-4F4D-979B-6AA03946159E'), -- Tasks.View
('BE85B033-9984-42DC-9E33-22115EDC7918', '5212B9E6-48C2-4586-AD2B-C5BE8D2DD78D', 'AF6F9F09-37DD-4FCE-96E5-09ECE9CACC26'), -- Tasks.Create
('E6115159-0F17-4E11-8531-BA2988CEB416', '5212B9E6-48C2-4586-AD2B-C5BE8D2DD78D', '857279BE-CBEE-4D43-ADF4-90074ED028EA'), -- Tasks.Edit
('E0907F35-38BE-4AC0-B8FB-9035F45C6BCF', '5212B9E6-48C2-4586-AD2B-C5BE8D2DD78D', '1AB4E923-5FAE-4552-AAFA-8726C0B27102'), -- Appointments.View

-- Viewer
('1711229D-5374-4CCA-BDEF-83F25F25C79F', '1A57C8A7-D7BF-4955-A014-105ABFFDBFEB', '564A1FD1-12A9-4282-A152-1D0B2D20669E'), -- Dashboard.View
('1D703F90-9121-4ADF-ACC7-F5528D8365BF', '1A57C8A7-D7BF-4955-A014-105ABFFDBFEB', '8D8AACA7-5422-4881-B8EE-DEAAF660A72F'), -- Leads.View
('9197D0DF-D91F-442E-A912-78389892FE9E', '1A57C8A7-D7BF-4955-A014-105ABFFDBFEB', 'EA9BC039-EB9D-46EA-9918-4DE05C2E6039'), -- Customers.View
('7190D952-99EC-434B-AE9C-2EEA7B8D6F49', '1A57C8A7-D7BF-4955-A014-105ABFFDBFEB', '0D922A42-B33F-4FFD-A588-5C3A8FBC4E71'), -- Deals.View
('19A14060-7C2E-4BC8-90E6-ABBE8DB367EE', '1A57C8A7-D7BF-4955-A014-105ABFFDBFEB', '6E123739-D158-4F4D-979B-6AA03946159E'), -- Tasks.View
('25E59287-A125-4A9D-8AC1-37EEE96A710C', '1A57C8A7-D7BF-4955-A014-105ABFFDBFEB', '3F7BCE64-4BD6-47FE-A85F-7C3603DB7D5C'), -- Tickets.View
('BFED4AF6-1EBA-456F-8BAD-23D15AB8F805', '1A57C8A7-D7BF-4955-A014-105ABFFDBFEB', '1AB4E923-5FAE-4552-AAFA-8726C0B27102'), -- Appointments.View
('820FD2D0-AE86-46CB-8960-E11D07F493DA', '1A57C8A7-D7BF-4955-A014-105ABFFDBFEB', 'D2FF32F5-EE7E-4FF5-9884-36BCD959CC5C'); -- Projects.View



-- ============================================================
-- DEPARTMENTS
-- ============================================================
INSERT INTO departments (id, name, department_key) VALUES
('11E8BF98-EC10-494B-8575-8064819780D9', 'Business Management', 'BUSINESS_MANAGEMENT'),
('3B5DCEEC-97EA-4AAE-B622-7467CEA3BB2C', 'Development', 'DEVELOPMENT'),
('E984FE9A-B104-4E7D-9EB1-7D530D94D5B4', 'Design', 'DESIGN'),
('8BA75023-83D6-47A5-8966-FFFBD428BDDD', 'Project Management', 'PROJECT_MANAGEMENT'),
('C388B23E-4C85-4EB9-91C2-4B4E23F4F15D', 'Support', 'SUPPORT'),
('FE90BF2E-8A85-417C-B0EE-A0AC6A05CC8D', 'Human Resources', 'HUMAN_RESOURCES'),
('215BCD48-5EF1-4EEA-B37C-2AEB7A34F70C', 'Administration', 'ADMINISTRATION');

-- ============================================================
-- DESIGNATIONS
-- ============================================================
INSERT INTO designations (id, name, department_id) VALUES
('D870ABDF-242A-492D-9237-5A171EDBB9C9', 'BDE', '11E8BF98-EC10-494B-8575-8064819780D9'),
('3DFD3452-5771-4CEB-8F09-7793EFFE811A', 'Senior BDE', '11E8BF98-EC10-494B-8575-8064819780D9'),
('DFEB7B6F-38BF-4061-9812-75837517386C', 'Business Development Manager', '11E8BF98-EC10-494B-8575-8064819780D9'),
('731B9552-FFA2-4314-A0C0-A6B1D09998FC', 'Director Business Development', '11E8BF98-EC10-494B-8575-8064819780D9'),
('F99BDDCF-A0C3-4D92-9050-8076D8BBC448', 'Sales Executive', '11E8BF98-EC10-494B-8575-8064819780D9'),
('B1D7DE1F-AD2C-4B4B-8144-CE0CF28C9A78', 'Sales Manager', '11E8BF98-EC10-494B-8575-8064819780D9'),
('F6C92066-D887-4A86-B0C5-073112DCAD4D', 'Account Manager', '11E8BF98-EC10-494B-8575-8064819780D9'),
('D2683974-E6E3-44CE-9066-9CCCE4E8534B', 'Software Engineer', '3B5DCEEC-97EA-4AAE-B622-7467CEA3BB2C'),
('58A30288-BD38-4C22-B706-7E1F47113F27', 'Senior Software Engineer', '3B5DCEEC-97EA-4AAE-B622-7467CEA3BB2C'),
('D9F94F5B-3FF3-4E8D-8D5E-4B3989FD0705', 'Lead Developer', '3B5DCEEC-97EA-4AAE-B622-7467CEA3BB2C'),
('7DDC5E44-3B93-43CE-8A41-FD423B61839E', 'Tech Lead', '3B5DCEEC-97EA-4AAE-B622-7467CEA3BB2C'),
('58BBEDD1-6D26-451A-9805-564A58E797E6', 'Engineering Manager', '3B5DCEEC-97EA-4AAE-B622-7467CEA3BB2C'),
('945E73C6-2EF8-4D1D-8A19-7D8680127049', 'QA Engineer', '3B5DCEEC-97EA-4AAE-B622-7467CEA3BB2C'),
('0CFA30A6-011B-4B23-ABFF-7A271A214977', 'Senior QA Engineer', '3B5DCEEC-97EA-4AAE-B622-7467CEA3BB2C'),
('E124D36E-3DC1-4123-8EAA-5B6672B032F0', 'DevOps Engineer', '3B5DCEEC-97EA-4AAE-B622-7467CEA3BB2C'),
('10655289-2FF8-4A46-B6DC-26241C78F832', 'UI/UX Designer', 'E984FE9A-B104-4E7D-9EB1-7D530D94D5B4'),
('EA8EF3F0-AB08-442B-AFD3-EB75D77B54E4', 'Senior UI/UX Designer', 'E984FE9A-B104-4E7D-9EB1-7D530D94D5B4'),
('E44AF81C-5089-40CE-81B3-385DF6D79900', 'Graphic Designer', 'E984FE9A-B104-4E7D-9EB1-7D530D94D5B4'),
('FD61D26C-B8B2-4C9B-B573-2AD3964264B2', 'Design Lead', 'E984FE9A-B104-4E7D-9EB1-7D530D94D5B4'),
('214D2A01-41C0-4DC9-89AC-EA6AF49E4C08', 'Project Coordinator', '8BA75023-83D6-47A5-8966-FFFBD428BDDD'),
('FD3462D3-977A-4562-85C3-0E8FF4512B7B', 'Project Manager', '8BA75023-83D6-47A5-8966-FFFBD428BDDD'),
('01E29F8E-4E3A-4718-BAE1-22C9AD25D378', 'Senior Project Manager', '8BA75023-83D6-47A5-8966-FFFBD428BDDD'),
('6D561C05-91A8-4D73-882B-36780719C894', 'Program Manager', '8BA75023-83D6-47A5-8966-FFFBD428BDDD'),
('062F8132-49B8-40C0-9FA6-AC47A05604EE', 'Support Executive', 'C388B23E-4C85-4EB9-91C2-4B4E23F4F15D'),
('2C859806-A1D2-4C27-8871-0598C8C48E9C', 'Senior Support Executive', 'C388B23E-4C85-4EB9-91C2-4B4E23F4F15D'),
('48721005-25EF-456E-8395-E5FAF0E1F11C', 'Support Manager', 'C388B23E-4C85-4EB9-91C2-4B4E23F4F15D'),
('558D3FEA-712E-409C-990B-DBF90ECD6897', 'Customer Success Executive', 'C388B23E-4C85-4EB9-91C2-4B4E23F4F15D'),
('E503E738-3163-4942-8AA2-CA4A651BE537', 'Customer Success Manager', 'C388B23E-4C85-4EB9-91C2-4B4E23F4F15D'),
('638D174E-07D8-4529-BB45-0D674FDEE0C8', 'Recruiter', 'FE90BF2E-8A85-417C-B0EE-A0AC6A05CC8D'),
('F52A1691-B132-4544-84C5-8E5AFA136F8D', 'Talent Acquisition Specialist', 'FE90BF2E-8A85-417C-B0EE-A0AC6A05CC8D'),
('56230F32-A96E-47E9-B4AC-03326CDAA45A', 'HR Executive', 'FE90BF2E-8A85-417C-B0EE-A0AC6A05CC8D'),
('F75BD5B9-B5A9-4EBE-9320-480B5F8E73D3', 'Senior HR Executive', 'FE90BF2E-8A85-417C-B0EE-A0AC6A05CC8D'),
('96A03BEB-309B-42B7-8134-89FC5906B2F0', 'HR Manager', 'FE90BF2E-8A85-417C-B0EE-A0AC6A05CC8D'),
('3231E743-3F38-47E4-8DD3-83CF46D837B2', 'Administrator', '215BCD48-5EF1-4EEA-B37C-2AEB7A34F70C'),
('DF439436-69A5-4A77-93D5-EE16F0C9264E', 'Operations Executive', '215BCD48-5EF1-4EEA-B37C-2AEB7A34F70C'),
('A80C8DDC-C2CE-45B3-B8AB-91099B511EF3', 'Operations Manager', '215BCD48-5EF1-4EEA-B37C-2AEB7A34F70C');






SELECT table_name FROM information_schema.tables
WHERE table_schema = 'public';




